{
  "0": {
    "precision": 0.988929889298893,
    "recall": 0.67,
    "f1-score": 0.7988077496274218,
    "support": 400.0
  },
  "1": {
    "precision": 0.861764705882353,
    "recall": 0.6959619952494062,
    "f1-score": 0.7700394218134035,
    "support": 421.0
  },
  "2": {
    "precision": 0.875,
    "recall": 0.9607843137254902,
    "f1-score": 0.9158878504672897,
    "support": 510.0
  },
  "3": {
    "precision": 0.6835205992509363,
    "recall": 0.9759358288770054,
    "f1-score": 0.8039647577092511,
    "support": 374.0
  },
  "accuracy": 0.8304985337243401,
  "macro avg": {
    "precision": 0.8523037986080455,
    "recall": 0.8256705344629754,
    "f1-score": 0.8221749449043415,
    "support": 1705.0
  },
  "weighted avg": {
    "precision": 0.8564584170181103,
    "recall": 0.8304985337243401,
    "f1-score": 0.8278564924082048,
    "support": 1705.0
  }
}